Num. of nodes, Proc. per node, Execution time
            1,              1,       0.132600
            1,              2,       0.068200
            1,              4,       0.039000
            1,              8,       0.023800
            1,             16,       0.016500
            1,             32,       0.017000
            1,             64,       6.914800
