Number of nodes, Process per node, Execution time(s)
            1,              1,       0.122200
            1,              2,       0.064400
            1,              4,       0.036000
            1,              8,       0.022100
            1,             16,       0.015400
            1,             32,       0.015100
            1,             64,       6.588800
