Num. of nodes, Proc. per node, Execution time
            1,              1,       0.243500
            1,              2,       0.191100
            1,              4,       0.104600
            1,              8,       0.055400
            1,             16,       0.036100
            1,             32,       0.048800
            1,             64,       7.449900
