Num. of nodes, Proc. per node, Execution time
            1,             64,       7.523900
            1,             32,       0.042300
            1,              1,       0.243200
            1,              4,       0.103900
            1,             16,       0.039500
            1,              2,       0.191300
            1,              8,       0.060900
